SNP_ID	Clinical_significance	Gene	Mutation	Variation	Chromosome_Position
863225261	pathogenic	SMC3	G/C	snv	10:110596431
863225260	pathogenic	SMC3	G/A	snv	10:110589944
863225258	pathogenic	SMC3	T/C	snv	10:110575344
797044861	pathogenic	SMC3	A/C	snv	10:110601742
1554862953	pathogenic	CFAP43	T/G	snv	10:104152728
1327299547	pathogenic	CFAP43	C/G/T	snv	10:104133710
1131692266	pathogenic	CFAP43	G/A/T	snv	10:104225491
768831533	pathogenic	CFAP43	G/A/C/T	snv	10:104143452
760609580	pathogenic	CFAP43	G/A/C	snv	10:104162023
376788209	pathogenic	CFAP43	G/A	snv	10:104230656
373911488	pathogenic	CFAP43	A/G/T	snv	10:104167627
147356105	pathogenic	CFAP43	A/G	snv	10:104203727
1203137107	pathogenic	MAT1A	C/A/T	snv	10:80280198
1170028069	pathogenic	MAT1A	C/T	snv	10:80273837
376993881	pathogenic	MAT1A	G/A	snv	10:80275073
138556525	pathogenic	MAT1A	G/A/C	snv	10:80275192
118204006	pathogenic	MAT1A	C/T	snv	10:80274599
118204005	pathogenic	MAT1A	G/A	snv	10:80275178
118204004	pathogenic	MAT1A	A/G	snv	10:80275054
118204002	pathogenic	MAT1A	G/A/T	snv	10:80285517
118204001	pathogenic	MAT1A	A/C	snv	10:80274639
116659053	pathogenic	MAT1A	G/A	snv	10:80274539
72558181	pathogenic	MAT1A	C/T	snv	10:80275177
886037658	pathogenic	NT5C2	C/T	snv	10:103139405
886037657	pathogenic	NT5C2	C/A	snv	10:103093310
587777173	pathogenic	NT5C2	G/A	snv	10:103174874
1554900675	pathogenic	PTEN	A/T	snv	10:87952263
1554900615	pathogenic	PTEN	A/T	snv	10:87952190
1554898206	pathogenic	PTEN	T/A	snv	10:87933224
1554898161	pathogenic	PTEN	T/G	snv	10:87933173
1554898053	pathogenic	PTEN	C/T	snv	10:87933018
1554897861	pathogenic	PTEN	A/T	snv	10:87931056
1554897271	pathogenic	PTEN	A/T	snv	10:87925544
1554893835	pathogenic	PTEN	G/A/C/T	snv	10:87894110
1554893756	pathogenic	PTEN	T/A	snv	10:87894032
1554825260	pathogenic	PTEN	A/T	snv	10:87958014
1554825165	pathogenic	PTEN	C/A	snv	10:87957872
1455551840	pathogenic	PTEN	G/T	snv	10:87961032
1337554479	pathogenic	PTEN	T/C/G	snv	10:87894111
1214965807	pathogenic	PTEN	C/G/T	snv	10:87957904
1114167674	pathogenic	PTEN	G/T	snv	10:87960987
1114167672	pathogenic	PTEN	C/A	snv	10:87894083
1114167665	pathogenic	PTEN	T/A/C	snv	10:87958021
1085308053	pathogenic	PTEN	C/T	snv	10:87952230
1085308049	pathogenic	PTEN	A/T	snv	10:87957885
1085308048	pathogenic	PTEN	T/G	snv	10:87933175
1085308043	pathogenic	PTEN	A/G/T	snv	10:87925511
1085308042	pathogenic	PTEN	G/A	snv	10:87894076
1085308039	pathogenic	PTEN	G/T	snv	10:87933075
1060500122	pathogenic	PTEN	C/T	snv	10:87933204
1060500116	pathogenic	PTEN	C/A/G	snv	10:87925524
878853944	pathogenic	PTEN	G/T	snv	10:87960969
878853012	pathogenic	PTEN	T/G	snv	10:87952156
876661058	pathogenic	PTEN	T/A/G	snv	10:87961037
869312778	pathogenic	PTEN	G/T	snv	10:87894063
786204934	pathogenic	PTEN	G/T	snv	10:87933207
786204933	pathogenic	PTEN	T/A/G	snv	10:87933196
786204926	pathogenic	PTEN	A/G	snv	10:87933011
786204875	pathogenic	PTEN	G/A/T	snv	10:87960913
786204873	pathogenic	PTEN	G/A/C/T	snv	10:87958020
786204859	pathogenic	PTEN	G/A	snv	10:87933166
786204858	pathogenic	PTEN	A/G/T	snv	10:87933079
786204856	pathogenic	PTEN	C/T	snv	10:87933043
786204855	pathogenic	PTEN	A/G	snv	10:87894084
786204854	pathogenic	PTEN	G/C/T	snv	10:87894051
786202918	pathogenic	PTEN	C/T	snv	10:87957951
786202840	pathogenic	PTEN	G/T	snv	10:87960942
786202733	pathogenic	PTEN	C/G	snv	10:87952165
727504114	pathogenic	PTEN	T/C/G	snv	10:87952261
587782607	pathogenic	PTEN	G/A	snv	10:87960914
587782455	pathogenic	PTEN	A/G/T	snv	10:87960892
398123325	pathogenic	PTEN	T/A/C	snv	10:87933222
398123320	pathogenic	PTEN	C/G/T	snv	10:87933045
121909237	pathogenic	PTEN	C/G/T	snv	10:87933121
121909230	pathogenic	PTEN	T/C	snv	10:87933094
121909228	pathogenic	PTEN	G/T	snv	10:87957984
121909227	pathogenic	PTEN	C/T	snv	10:87957858
121909220	pathogenic	PTEN	G/T	snv	10:87933228
121909218	pathogenic	PTEN	G/A/T	snv	10:87933145
